Filename,Emotion 1,Prob 1,Emotion 2,Prob 2,Emotion 3,Prob 3
combined_1.txt,neutral,0.9940925240516663,anger,0.0011834189062938094,annoyance,0.0010957288322970271
combined_2.txt,neutral,0.8149120807647705,anger,0.07079382985830307,annoyance,0.04382173717021942
combined_3.txt,neutral,0.9929590225219727,approval,0.0020090187899768353,admiration,0.0008986206958070397
combined_4.txt,neutral,0.9961163997650146,approval,0.0007646470912732184,annoyance,0.0005138353444635868
combined_5.txt,neutral,0.9972278475761414,approval,0.0003708303556777537,annoyance,0.00021396006923168898
combined_disappointed.txt,disappointment,0.7641531229019165,annoyance,0.1234983503818512,sadness,0.02799799293279648
