percentage,proportion
sad,34.69387755102041
fearful,30.612244897959183
angry,20.408163265306122
happy,14.285714285714285
